day,Activity_ID
14,550e8400-e29b-41d4-a716-446655440001
14,550e8400-e29b-41d4-a716-446655440002
14,550e8400-e29b-41d4-a716-446655440003
14,550e8400-e29b-41d4-a716-446655440004
14,550e8400-e29b-41d4-a716-446655440005
14,550e8400-e29b-41d4-a716-446655440006
14,550e8400-e29b-41d4-a716-446655440007
15,550e8400-e29b-41d4-a716-446655440001
15,550e8400-e29b-41d4-a716-446655440002
15,550e8400-e29b-41d4-a716-446655440003
15,550e8400-e29b-41d4-a716-446655440004
15,550e8400-e29b-41d4-a716-446655440005
15,550e8400-e29b-41d4-a716-446655440006
15,550e8400-e29b-41d4-a716-446655440007
16,550e8400-e29b-41d4-a716-446655440001
16,550e8400-e29b-41d4-a716-446655440002
16,550e8400-e29b-41d4-a716-446655440003
16,550e8400-e29b-41d4-a716-446655440004
16,550e8400-e29b-41d4-a716-446655440005
16,550e8400-e29b-41d4-a716-446655440006
16,550e8400-e29b-41d4-a716-446655440007
17,550e8400-e29b-41d4-a716-446655440001
17,550e8400-e29b-41d4-a716-446655440002
17,550e8400-e29b-41d4-a716-446655440003
17,550e8400-e29b-41d4-a716-446655440004
17,550e8400-e29b-41d4-a716-446655440005
17,550e8400-e29b-41d4-a716-446655440006
17,550e8400-e29b-41d4-a716-446655440007
18,550e8400-e29b-41d4-a716-446655440001
18,550e8400-e29b-41d4-a716-446655440002
18,550e8400-e29b-41d4-a716-446655440003
18,550e8400-e29b-41d4-a716-446655440004
18,550e8400-e29b-41d4-a716-446655440005
18,550e8400-e29b-41d4-a716-446655440006
18,550e8400-e29b-41d4-a716-446655440007
19,550e8400-e29b-41d4-a716-446655440001
19,550e8400-e29b-41d4-a716-446655440002
19,550e8400-e29b-41d4-a716-446655440003
19,550e8400-e29b-41d4-a716-446655440004
19,550e8400-e29b-41d4-a716-446655440005
19,550e8400-e29b-41d4-a716-446655440006
19,550e8400-e29b-41d4-a716-446655440009
20,550e8400-e29b-41d4-a716-446655440001
20,550e8400-e29b-41d4-a716-446655440002
20,550e8400-e29b-41d4-a716-446655440003
20,550e8400-e29b-41d4-a716-446655440004
20,550e8400-e29b-41d4-a716-446655440005
20,550e8400-e29b-41d4-a716-446655440006
20,550e8400-e29b-41d4-a716-446655440009
